rental_id,user_id,age,gender,start_time,end_time,start_station,end_station,duration_minutes,price
1,8400,23,M,2025-05-04 10:14:00,2025-05-04 11:20:00,Station C,Station A,66,8.60
2,3367,19,F,2025-05-08 16:37:00,2025-05-08 18:16:00,Station A,Station C,99,11.90
3,3363,65,F,2025-05-02 16:42:00,2025-05-02 17:31:00,Station A,Station B,49,6.90
4,5229,51,F,2025-05-12 01:15:00,2025-05-12 01:53:00,Station B,Station A,38,5.80
5,4206,24,M,2025-05-02 05:04:00,2025-05-02 06:00:00,Station C,Station E,56,7.60
6,1393,43,M,2025-05-17 10:37:00,2025-05-17 11:14:00,Station E,Station C,37,5.70
7,3933,63,M,2025-05-20 19:42:00,2025-05-20 19:58:00,Station E,Station A,16,3.60
8,9849,31,M,2025-05-26 04:04:00,2025-05-26 04:29:00,Station C,Station B,25,4.50
9,5028,35,M,2025-05-27 12:07:00,2025-05-27 12:28:00,Station D,Station E,21,4.10
10,4186,18,F,2025-05-03 08:09:00,2025-05-03 08:51:00,Station D,Station C,42,6.20
11,7944,26,F,2025-05-20 10:16:00,2025-05-20 11:58:00,Station A,Station C,102,12.20
12,1924,40,M,2025-05-08 18:04:00,2025-05-08 18:12:00,Station A,Station A,8,2.80
13,7561,47,M,2025-05-15 22:44:00,2025-05-16 00:32:00,Station C,Station A,108,12.80
14,4377,54,M,2025-05-17 15:56:00,2025-05-17 17:54:00,Station B,Station A,118,13.80
15,1315,19,F,2025-05-27 16:15:00,2025-05-27 17:40:00,Station C,Station A,85,10.50
16,8697,29,F,2025-05-10 08:25:00,2025-05-10 09:42:00,Station B,Station E,77,9.70
17,5154,54,F,2025-05-30 12:27:00,2025-05-30 13:57:00,Station D,Station C,90,11.00
18,8865,49,M,2025-05-29 07:45:00,2025-05-29 09:09:00,Station A,Station D,84,10.40
19,9449,54,M,2025-05-11 17:43:00,2025-05-11 19:09:00,Station A,Station E,86,10.60
20,1291,29,F,2025-05-18 11:47:00,2025-05-18 12:13:00,Station D,Station C,26,4.60
21,6869,63,F,2025-05-13 19:01:00,2025-05-13 19:37:00,Station A,Station B,36,5.60
22,7218,39,F,2025-05-23 10:20:00,2025-05-23 12:03:00,Station C,Station B,103,12.30
23,7891,50,F,2025-05-26 07:06:00,2025-05-26 07:15:00,Station C,Station D,9,2.90
24,4056,39,M,2025-05-10 06:32:00,2025-05-10 08:30:00,Station A,Station D,118,13.80
25,4481,52,M,2025-05-23 01:11:00,2025-05-23 01:49:00,Station B,Station E,38,5.80
26,6529,54,M,2025-05-26 11:33:00,2025-05-26 12:50:00,Station C,Station A,77,9.70
27,6028,29,M,2025-05-11 02:48:00,2025-05-11 03:36:00,Station D,Station A,48,6.80
28,7733,32,M,2025-05-15 06:42:00,2025-05-15 06:54:00,Station C,Station E,12,3.20
29,1849,51,M,2025-05-29 02:31:00,2025-05-29 03:17:00,Station C,Station C,46,6.60
30,8228,31,M,2025-05-29 19:34:00,2025-05-29 21:00:00,Station D,Station B,86,10.60
31,9194,47,M,2025-05-12 18:12:00,2025-05-12 20:07:00,Station E,Station D,115,13.50
32,2414,59,F,2025-05-14 20:11:00,2025-05-14 21:54:00,Station E,Station B,103,12.30
33,2201,27,M,2025-05-25 11:11:00,2025-05-25 12:53:00,Station A,Station A,102,12.20
34,7829,40,M,2025-05-28 11:40:00,2025-05-28 12:48:00,Station B,Station E,68,8.80
35,5209,51,M,2025-05-02 05:25:00,2025-05-02 05:44:00,Station A,Station D,19,3.90
36,4936,62,M,2025-05-09 12:42:00,2025-05-09 13:13:00,Station A,Station C,31,5.10
37,6400,60,F,2025-05-04 14:01:00,2025-05-04 15:10:00,Station A,Station E,69,8.90
38,7569,43,F,2025-05-12 23:46:00,2025-05-13 01:12:00,Station B,Station A,86,10.60
39,2370,29,F,2025-05-26 13:33:00,2025-05-26 14:11:00,Station D,Station E,38,5.80
40,4524,22,F,2025-05-12 00:15:00,2025-05-12 01:24:00,Station E,Station B,69,8.90
41,4261,51,M,2025-05-30 05:02:00,2025-05-30 06:03:00,Station A,Station B,61,8.10
42,9459,64,F,2025-05-30 10:41:00,2025-05-30 12:05:00,Station E,Station A,84,10.40
43,3192,51,F,2025-05-14 21:06:00,2025-05-14 22:07:00,Station B,Station E,61,8.10
44,7042,37,M,2025-05-28 14:09:00,2025-05-28 15:21:00,Station E,Station E,72,9.20
45,8846,41,M,2025-05-12 06:27:00,2025-05-12 06:35:00,Station C,Station A,8,2.80
46,4763,30,M,2025-05-04 23:40:00,2025-05-05 00:56:00,Station C,Station E,76,9.60
47,3955,19,F,2025-05-25 16:46:00,2025-05-25 17:00:00,Station B,Station C,14,3.40
48,6416,27,F,2025-05-04 13:20:00,2025-05-04 13:52:00,Station D,Station A,32,5.20
49,2034,62,F,2025-05-21 14:50:00,2025-05-21 16:10:00,Station C,Station C,80,10.00
50,1982,41,M,2025-05-24 06:41:00,2025-05-24 07:12:00,Station D,Station B,31,5.10
51,9238,37,F,2025-05-22 01:32:00,2025-05-22 02:47:00,Station E,Station B,75,9.50
52,1366,40,F,2025-05-05 08:47:00,2025-05-05 09:45:00,Station D,Station A,58,7.80
53,1224,63,F,2025-05-23 23:37:00,2025-05-24 01:16:00,Station B,Station D,99,11.90
54,7129,45,M,2025-05-16 11:46:00,2025-05-16 13:00:00,Station E,Station B,74,9.40
55,5147,22,M,2025-05-03 07:06:00,2025-05-03 07:14:00,Station D,Station A,8,2.80
56,6792,41,F,2025-05-21 15:13:00,2025-05-21 16:59:00,Station E,Station C,106,12.60
57,4224,58,F,2025-05-22 17:21:00,2025-05-22 18:49:00,Station B,Station A,88,10.80
58,3135,47,M,2025-05-25 20:58:00,2025-05-25 22:32:00,Station A,Station B,94,11.40
59,2231,25,F,2025-05-17 05:33:00,2025-05-17 05:45:00,Station B,Station A,12,3.20
60,1030,25,F,2025-05-03 22:03:00,2025-05-03 22:37:00,Station D,Station B,34,5.40
61,2855,34,F,2025-05-20 23:34:00,2025-05-21 00:38:00,Station C,Station D,64,8.40
62,9211,28,M,2025-05-16 03:15:00,2025-05-16 04:53:00,Station E,Station B,98,11.80
63,9961,51,F,2025-05-08 10:38:00,2025-05-08 10:43:00,Station C,Station C,5,2.50
64,3458,40,M,2025-05-12 20:49:00,2025-05-12 21:09:00,Station E,Station C,20,4.00
65,3071,59,F,2025-05-22 05:35:00,2025-05-22 06:23:00,Station B,Station B,48,6.80
66,5739,35,M,2025-05-17 07:24:00,2025-05-17 09:06:00,Station D,Station E,102,12.20
67,6036,42,F,2025-05-29 11:51:00,2025-05-29 13:05:00,Station E,Station B,74,9.40
68,9367,63,M,2025-05-30 17:05:00,2025-05-30 18:58:00,Station A,Station C,113,13.30
69,3211,43,M,2025-05-29 18:26:00,2025-05-29 19:38:00,Station C,Station B,72,9.20
70,6098,53,F,2025-05-05 06:08:00,2025-05-05 07:17:00,Station A,Station D,69,8.90
71,7780,34,M,2025-05-03 18:41:00,2025-05-03 20:33:00,Station D,Station D,112,13.20
72,2531,60,F,2025-05-29 03:33:00,2025-05-29 04:14:00,Station C,Station C,41,6.10
73,4330,34,M,2025-05-10 15:50:00,2025-05-10 16:36:00,Station E,Station A,46,6.60
74,2665,52,M,2025-05-18 18:18:00,2025-05-18 19:23:00,Station C,Station C,65,8.50
75,4901,29,F,2025-05-19 03:17:00,2025-05-19 05:02:00,Station E,Station E,105,12.50
76,6465,48,F,2025-05-27 02:22:00,2025-05-27 03:24:00,Station C,Station E,62,8.20
77,3906,64,M,2025-05-16 00:13:00,2025-05-16 01:57:00,Station B,Station B,104,12.40
78,1315,48,F,2025-05-07 06:21:00,2025-05-07 06:51:00,Station A,Station E,30,5.00
79,3863,37,F,2025-05-25 21:24:00,2025-05-25 22:06:00,Station D,Station E,42,6.20
80,5061,46,M,2025-05-13 18:59:00,2025-05-13 20:13:00,Station A,Station A,74,9.40
81,5334,25,F,2025-05-14 05:41:00,2025-05-14 07:26:00,Station D,Station C,105,12.50
82,2698,37,M,2025-05-03 05:28:00,2025-05-03 05:47:00,Station B,Station E,19,3.90
83,4350,48,M,2025-05-18 05:50:00,2025-05-18 07:06:00,Station E,Station D,76,9.60
84,9620,38,F,2025-05-07 09:52:00,2025-05-07 11:02:00,Station B,Station D,70,9.00
85,8282,31,M,2025-05-25 19:46:00,2025-05-25 20:38:00,Station D,Station D,52,7.20
86,1865,58,F,2025-05-26 09:51:00,2025-05-26 10:19:00,Station A,Station B,28,4.80
87,9167,39,F,2025-05-06 01:56:00,2025-05-06 02:46:00,Station C,Station E,50,7.00
88,9215,56,F,2025-05-22 04:19:00,2025-05-22 05:45:00,Station A,Station B,86,10.60
89,2297,53,F,2025-05-07 19:15:00,2025-05-07 19:45:00,Station C,Station D,30,5.00
90,8008,44,M,2025-05-26 01:33:00,2025-05-26 01:42:00,Station E,Station A,9,2.90
91,1709,60,M,2025-05-02 13:22:00,2025-05-02 13:53:00,Station C,Station C,31,5.10
92,2124,29,M,2025-05-26 10:17:00,2025-05-26 10:30:00,Station D,Station A,13,3.30
93,9273,52,M,2025-05-15 15:34:00,2025-05-15 16:58:00,Station D,Station C,84,10.40
94,1574,48,F,2025-05-17 23:58:00,2025-05-18 01:12:00,Station E,Station B,74,9.40
95,4993,31,M,2025-05-18 19:00:00,2025-05-18 20:17:00,Station A,Station E,77,9.70
96,6034,24,M,2025-05-15 18:23:00,2025-05-15 18:40:00,Station E,Station E,17,3.70
97,9862,51,F,2025-05-22 03:14:00,2025-05-22 04:29:00,Station C,Station D,75,9.50
98,9439,31,M,2025-05-26 21:53:00,2025-05-26 22:20:00,Station C,Station E,27,4.70
99,6361,20,F,2025-05-18 23:55:00,2025-05-19 01:18:00,Station C,Station D,83,10.30
100,3647,34,F,2025-05-04 02:04:00,2025-05-04 02:41:00,Station C,Station B,37,5.70
101,7059,31,F,2025-05-21 08:23:00,2025-05-21 08:32:00,Station B,Station C,9,2.90
102,8019,36,F,2025-05-13 03:31:00,2025-05-13 04:28:00,Station B,Station D,57,7.70
103,5359,43,F,2025-05-23 09:40:00,2025-05-23 11:04:00,Station D,Station E,84,10.40
104,9759,27,M,2025-05-23 09:39:00,2025-05-23 10:01:00,Station A,Station B,22,4.20
105,9926,28,M,2025-05-12 22:20:00,2025-05-12 22:43:00,Station E,Station A,23,4.30
106,1599,40,F,2025-05-22 23:26:00,2025-05-23 00:47:00,Station A,Station E,81,10.10
107,6395,52,M,2025-05-10 23:42:00,2025-05-11 00:55:00,Station D,Station E,73,9.30
108,9627,21,F,2025-05-27 15:41:00,2025-05-27 15:47:00,Station E,Station B,6,2.60
109,5162,47,F,2025-05-12 13:51:00,2025-05-12 14:45:00,Station A,Station E,54,7.40
110,2828,38,F,2025-05-11 15:05:00,2025-05-11 16:33:00,Station E,Station B,88,10.80
111,5539,54,F,2025-05-02 22:21:00,2025-05-02 22:35:00,Station B,Station E,14,3.40
112,9443,50,F,2025-05-27 12:28:00,2025-05-27 13:09:00,Station C,Station A,41,6.10
113,6328,34,F,2025-05-11 00:42:00,2025-05-11 00:48:00,Station E,Station E,6,2.60
114,2049,33,F,2025-05-24 18:26:00,2025-05-24 20:06:00,Station E,Station A,100,12.00
115,2614,35,M,2025-05-29 02:00:00,2025-05-29 02:13:00,Station A,Station A,13,3.30
116,2841,38,F,2025-05-15 02:44:00,2025-05-15 04:23:00,Station D,Station D,99,11.90
117,9606,59,M,2025-05-21 21:02:00,2025-05-21 22:17:00,Station A,Station B,75,9.50
118,8566,58,M,2025-05-10 02:23:00,2025-05-10 02:53:00,Station E,Station D,30,5.00
119,3065,35,M,2025-05-15 09:55:00,2025-05-15 10:07:00,Station B,Station B,12,3.20
120,1244,64,F,2025-05-14 00:59:00,2025-05-14 01:22:00,Station B,Station E,23,4.30
121,1969,34,F,2025-05-21 20:56:00,2025-05-21 22:06:00,Station B,Station E,70,9.00
122,8982,56,F,2025-05-12 22:34:00,2025-05-12 22:40:00,Station B,Station E,6,2.60
123,7945,34,F,2025-05-04 17:54:00,2025-05-04 18:11:00,Station D,Station B,17,3.70
124,5837,58,F,2025-05-02 21:29:00,2025-05-02 21:49:00,Station A,Station E,20,4.00
125,1261,52,M,2025-05-19 21:24:00,2025-05-19 22:17:00,Station C,Station B,53,7.30
126,9497,39,M,2025-05-10 03:14:00,2025-05-10 04:56:00,Station E,Station D,102,12.20
127,5288,47,F,2025-05-16 17:55:00,2025-05-16 19:07:00,Station D,Station D,72,9.20
128,4401,40,F,2025-05-15 04:18:00,2025-05-15 05:33:00,Station D,Station D,75,9.50
129,6090,48,F,2025-05-09 01:39:00,2025-05-09 03:06:00,Station B,Station E,87,10.70
130,3684,58,F,2025-05-05 03:19:00,2025-05-05 04:24:00,Station E,Station A,65,8.50
131,5691,44,M,2025-05-24 12:30:00,2025-05-24 13:51:00,Station C,Station C,81,10.10
132,6180,53,M,2025-05-03 00:39:00,2025-05-03 01:20:00,Station D,Station B,41,6.10
133,5635,53,M,2025-05-10 12:21:00,2025-05-10 14:00:00,Station C,Station A,99,11.90
134,7974,52,M,2025-05-09 20:06:00,2025-05-09 21:56:00,Station A,Station D,110,13.00
135,3848,52,M,2025-05-09 03:15:00,2025-05-09 05:00:00,Station A,Station A,105,12.50
136,1078,49,M,2025-05-30 02:28:00,2025-05-30 03:02:00,Station B,Station E,34,5.40
137,3407,46,F,2025-05-04 00:44:00,2025-05-04 02:30:00,Station D,Station B,106,12.60
138,1281,26,M,2025-05-03 16:27:00,2025-05-03 18:19:00,Station E,Station B,112,13.20
139,1749,20,F,2025-05-26 15:52:00,2025-05-26 17:12:00,Station C,Station C,80,10.00
140,4837,31,F,2025-05-14 05:00:00,2025-05-14 05:28:00,Station A,Station C,28,4.80
141,7258,20,F,2025-05-13 12:19:00,2025-05-13 13:32:00,Station B,Station C,73,9.30
142,2986,60,M,2025-05-25 09:17:00,2025-05-25 09:28:00,Station E,Station A,11,3.10
143,3580,49,F,2025-05-29 16:06:00,2025-05-29 17:42:00,Station E,Station A,96,11.60
144,8550,20,F,2025-05-08 09:44:00,2025-05-08 11:28:00,Station E,Station E,104,12.40
145,7725,22,M,2025-05-25 17:07:00,2025-05-25 18:11:00,Station E,Station B,64,8.40
146,1783,41,M,2025-05-28 18:51:00,2025-05-28 20:15:00,Station B,Station C,84,10.40
147,8810,59,M,2025-05-27 10:30:00,2025-05-27 10:55:00,Station B,Station C,25,4.50
148,1689,34,M,2025-05-29 05:25:00,2025-05-29 06:07:00,Station E,Station D,42,6.20
149,3625,63,F,2025-05-21 21:45:00,2025-05-21 23:12:00,Station A,Station E,87,10.70
150,5451,42,F,2025-05-08 00:29:00,2025-05-08 01:17:00,Station A,Station C,48,6.80
151,6911,20,M,2025-05-21 01:57:00,2025-05-21 03:15:00,Station D,Station D,78,9.80
152,7992,27,F,2025-05-23 00:53:00,2025-05-23 01:50:00,Station A,Station A,57,7.70
153,2986,60,M,2025-05-25 18:21:00,2025-05-25 19:11:00,Station A,Station C,50,7.00
154,1527,46,M,2025-05-19 16:14:00,2025-05-19 17:08:00,Station D,Station C,54,7.40
155,7145,55,M,2025-05-20 01:45:00,2025-05-20 03:25:00,Station D,Station E,100,12.00
156,6620,57,F,2025-05-15 18:13:00,2025-05-15 18:30:00,Station E,Station A,17,3.70
157,3599,64,M,2025-05-30 19:22:00,2025-05-30 20:25:00,Station C,Station D,63,8.30
158,2447,60,M,2025-05-24 12:29:00,2025-05-24 13:36:00,Station A,Station C,67,8.70
159,6809,65,F,2025-05-09 07:03:00,2025-05-09 07:45:00,Station D,Station B,42,6.20
160,7332,19,F,2025-05-29 18:29:00,2025-05-29 19:00:00,Station E,Station B,31,5.10
161,9951,29,M,2025-05-30 14:55:00,2025-05-30 15:46:00,Station B,Station A,51,7.10
162,8598,63,M,2025-05-18 15:07:00,2025-05-18 15:54:00,Station D,Station E,47,6.70
163,5184,46,M,2025-05-30 02:51:00,2025-05-30 03:43:00,Station B,Station B,52,7.20
164,1522,18,F,2025-05-29 08:30:00,2025-05-29 10:08:00,Station B,Station B,98,11.80
165,7239,58,F,2025-05-07 01:43:00,2025-05-07 02:29:00,Station E,Station A,46,6.60
166,6416,19,F,2025-05-13 21:10:00,2025-05-13 22:45:00,Station D,Station A,95,11.50
167,5514,56,M,2025-05-30 04:26:00,2025-05-30 04:44:00,Station C,Station C,18,3.80
168,3395,41,M,2025-05-21 13:25:00,2025-05-21 14:17:00,Station A,Station A,52,7.20
169,1032,35,M,2025-05-14 02:58:00,2025-05-14 04:15:00,Station A,Station D,77,9.70
170,8468,52,F,2025-05-13 04:13:00,2025-05-13 05:47:00,Station E,Station D,94,11.40
171,4280,58,F,2025-05-28 23:11:00,2025-05-29 00:42:00,Station D,Station A,91,11.10
172,4379,44,M,2025-05-10 05:25:00,2025-05-10 06:10:00,Station B,Station A,45,6.50
173,7205,58,F,2025-05-16 15:03:00,2025-05-16 16:14:00,Station E,Station A,71,9.10
174,5507,47,F,2025-05-30 19:49:00,2025-05-30 21:30:00,Station A,Station B,101,12.10
175,9989,19,M,2025-05-11 19:21:00,2025-05-11 20:11:00,Station C,Station A,50,7.00
176,8315,31,F,2025-05-20 23:30:00,2025-05-21 00:50:00,Station A,Station A,80,10.00
177,8745,64,F,2025-05-20 05:32:00,2025-05-20 05:41:00,Station A,Station C,9,2.90
178,2464,58,M,2025-05-19 14:40:00,2025-05-19 14:45:00,Station D,Station B,5,2.50
179,5670,18,F,2025-05-27 18:13:00,2025-05-27 19:11:00,Station D,Station D,58,7.80
180,9144,40,F,2025-05-15 12:33:00,2025-05-15 13:28:00,Station E,Station E,55,7.50
181,6838,23,F,2025-05-01 20:29:00,2025-05-01 21:54:00,Station A,Station B,85,10.50
182,9708,37,M,2025-05-13 20:06:00,2025-05-13 21:47:00,Station C,Station A,101,12.10
183,2141,54,M,2025-05-27 17:09:00,2025-05-27 19:01:00,Station E,Station E,112,13.20
184,9553,39,M,2025-05-22 21:32:00,2025-05-22 22:04:00,Station E,Station C,32,5.20
185,6969,31,F,2025-05-28 05:18:00,2025-05-28 06:18:00,Station D,Station C,60,8.00
186,7246,28,M,2025-05-19 16:04:00,2025-05-19 17:05:00,Station E,Station C,61,8.10
187,2455,56,F,2025-05-14 14:12:00,2025-05-14 15:17:00,Station C,Station D,65,8.50
188,1660,25,M,2025-05-04 15:55:00,2025-05-04 16:10:00,Station B,Station E,15,3.50
189,1682,18,F,2025-05-11 00:06:00,2025-05-11 01:09:00,Station A,Station D,63,8.30
190,7837,60,M,2025-05-30 20:41:00,2025-05-30 21:03:00,Station E,Station B,22,4.20
191,1161,63,F,2025-05-09 17:32:00,2025-05-09 18:49:00,Station D,Station E,77,9.70
192,7734,53,F,2025-05-05 19:17:00,2025-05-05 21:02:00,Station E,Station B,105,12.50
193,1474,23,M,2025-05-27 14:57:00,2025-05-27 16:09:00,Station E,Station C,72,9.20
194,8426,58,M,2025-05-28 01:44:00,2025-05-28 01:52:00,Station B,Station B,8,2.80
195,7898,22,M,2025-05-23 21:18:00,2025-05-23 21:43:00,Station B,Station B,25,4.50
196,2605,38,F,2025-05-29 03:41:00,2025-05-29 04:05:00,Station A,Station E,24,4.40
197,3812,40,M,2025-05-31 04:25:00,2025-05-31 04:51:00,Station E,Station B,26,4.60
198,1421,26,M,2025-05-23 07:12:00,2025-05-23 07:47:00,Station C,Station B,35,5.50
199,5306,20,F,2025-05-05 09:41:00,2025-05-05 10:13:00,Station A,Station D,32,5.20
200,7939,31,F,2025-05-19 08:49:00,2025-05-19 09:41:00,Station D,Station E,52,7.20
201,8181,24,F,2025-05-13 00:25:00,2025-05-13 02:02:00,Station C,Station B,97,11.70
202,2978,36,M,2025-05-07 06:54:00,2025-05-07 07:47:00,Station A,Station E,53,7.30
203,2936,48,F,2025-05-13 00:32:00,2025-05-13 02:28:00,Station B,Station D,116,13.60
204,7857,38,F,2025-05-23 13:42:00,2025-05-23 15:01:00,Station B,Station C,79,9.90
205,7471,44,M,2025-05-26 08:21:00,2025-05-26 08:38:00,Station D,Station A,17,3.70
206,3673,42,F,2025-05-15 23:09:00,2025-05-16 00:06:00,Station E,Station A,57,7.70
207,4922,56,F,2025-05-12 02:26:00,2025-05-12 03:46:00,Station C,Station A,80,10.00
208,1221,63,M,2025-05-08 16:54:00,2025-05-08 17:50:00,Station B,Station C,56,7.60
209,4168,28,F,2025-05-23 20:34:00,2025-05-23 21:08:00,Station D,Station D,34,5.40
210,1112,62,F,2025-05-09 20:12:00,2025-05-09 21:36:00,Station C,Station A,84,10.40
211,8990,38,M,2025-05-03 16:48:00,2025-05-03 17:29:00,Station C,Station A,41,6.10
212,2858,33,F,2025-05-27 06:59:00,2025-05-27 08:44:00,Station A,Station D,105,12.50
213,7386,30,F,2025-05-07 09:27:00,2025-05-07 10:29:00,Station E,Station A,62,8.20
214,4551,56,M,2025-05-27 23:18:00,2025-05-27 23:44:00,Station A,Station C,26,4.60
215,2397,54,M,2025-05-23 22:38:00,2025-05-24 00:12:00,Station E,Station C,94,11.40
216,2627,47,F,2025-05-10 05:48:00,2025-05-10 06:06:00,Station B,Station D,18,3.80
217,6739,40,F,2025-05-01 12:54:00,2025-05-01 13:22:00,Station C,Station E,28,4.80
218,4623,44,M,2025-05-13 09:12:00,2025-05-13 09:38:00,Station D,Station B,26,4.60
219,6480,48,F,2025-05-19 16:30:00,2025-05-19 16:47:00,Station E,Station E,17,3.70
220,8298,21,F,2025-05-25 12:21:00,2025-05-25 13:35:00,Station D,Station D,74,9.40
221,7475,40,M,2025-05-10 19:47:00,2025-05-10 19:59:00,Station E,Station A,12,3.20
222,8934,34,M,2025-05-06 03:47:00,2025-05-06 05:03:00,Station E,Station B,76,9.60
223,9987,37,M,2025-05-25 06:22:00,2025-05-25 06:42:00,Station D,Station C,20,4.00
224,1595,58,M,2025-05-23 22:37:00,2025-05-24 00:22:00,Station C,Station B,105,12.50
225,5781,41,F,2025-05-05 06:14:00,2025-05-05 08:08:00,Station C,Station D,114,13.40
226,6538,54,M,2025-05-08 02:34:00,2025-05-08 02:44:00,Station D,Station E,10,3.00
227,4478,32,F,2025-05-20 08:52:00,2025-05-20 09:09:00,Station E,Station C,17,3.70
228,1936,29,M,2025-05-05 01:04:00,2025-05-05 01:36:00,Station D,Station E,32,5.20
229,5174,28,M,2025-05-13 02:31:00,2025-05-13 04:14:00,Station D,Station E,103,12.30
230,1480,56,F,2025-05-19 11:41:00,2025-05-19 13:00:00,Station E,Station D,79,9.90
231,4866,35,M,2025-05-05 15:28:00,2025-05-05 16:59:00,Station E,Station A,91,11.10
232,8777,32,F,2025-05-09 10:29:00,2025-05-09 12:04:00,Station C,Station C,95,11.50
233,1634,40,F,2025-05-18 17:49:00,2025-05-18 18:09:00,Station E,Station A,20,4.00
234,2113,53,F,2025-05-09 11:08:00,2025-05-09 12:51:00,Station B,Station A,103,12.30
235,6417,20,M,2025-05-06 10:30:00,2025-05-06 12:19:00,Station B,Station A,109,12.90
236,9770,58,M,2025-05-17 03:05:00,2025-05-17 04:13:00,Station A,Station D,68,8.80
237,1470,55,M,2025-05-03 04:43:00,2025-05-03 05:10:00,Station D,Station D,27,4.70
238,6401,59,F,2025-05-09 20:16:00,2025-05-09 21:04:00,Station A,Station D,48,6.80
239,5655,59,M,2025-05-07 15:11:00,2025-05-07 15:56:00,Station E,Station C,45,6.50
240,2969,49,M,2025-05-27 10:41:00,2025-05-27 11:52:00,Station B,Station B,71,9.10
241,4247,23,M,2025-05-18 07:29:00,2025-05-18 08:13:00,Station D,Station C,44,6.40
242,7892,50,M,2025-05-28 13:32:00,2025-05-28 15:27:00,Station D,Station B,115,13.50
243,1477,34,F,2025-05-30 05:55:00,2025-05-30 07:39:00,Station D,Station C,104,12.40
244,2050,60,F,2025-05-10 11:34:00,2025-05-10 13:21:00,Station A,Station E,107,12.70
245,3336,50,M,2025-05-03 07:32:00,2025-05-03 08:19:00,Station B,Station C,47,6.70
246,3462,31,M,2025-05-04 12:41:00,2025-05-04 13:51:00,Station C,Station C,70,9.00
247,2917,64,F,2025-05-04 05:18:00,2025-05-04 07:06:00,Station D,Station E,108,12.80
248,9169,31,F,2025-05-03 18:42:00,2025-05-03 19:36:00,Station C,Station C,54,7.40
249,5106,18,M,2025-05-16 23:46:00,2025-05-17 00:25:00,Station A,Station E,39,5.90
250,3366,60,M,2025-05-14 04:07:00,2025-05-14 05:51:00,Station C,Station A,104,12.40
251,8495,26,M,2025-05-04 14:43:00,2025-05-04 15:12:00,Station C,Station C,29,4.90
252,9483,56,M,2025-05-17 16:33:00,2025-05-17 17:48:00,Station C,Station B,75,9.50
253,3854,28,M,2025-05-23 16:13:00,2025-05-23 17:57:00,Station A,Station B,104,12.40
254,6023,59,F,2025-05-03 12:55:00,2025-05-03 13:48:00,Station A,Station A,53,7.30
255,1235,64,M,2025-05-01 15:21:00,2025-05-01 17:19:00,Station C,Station E,118,13.80
256,6512,63,F,2025-05-30 14:02:00,2025-05-30 15:25:00,Station D,Station E,83,10.30
257,5309,64,F,2025-05-18 21:30:00,2025-05-18 22:23:00,Station E,Station B,53,7.30
258,1820,65,F,2025-05-10 19:09:00,2025-05-10 20:50:00,Station A,Station E,101,12.10
259,9359,40,M,2025-05-29 13:44:00,2025-05-29 15:16:00,Station B,Station E,92,11.20
260,2377,19,F,2025-05-16 21:24:00,2025-05-16 21:33:00,Station E,Station E,9,2.90
261,2608,50,F,2025-05-30 19:41:00,2025-05-30 21:02:00,Station D,Station B,81,10.10
262,4206,22,F,2025-05-23 02:04:00,2025-05-23 04:02:00,Station E,Station E,118,13.80
263,9128,19,F,2025-05-19 09:43:00,2025-05-19 11:10:00,Station A,Station D,87,10.70
264,8202,39,F,2025-05-21 09:48:00,2025-05-21 11:39:00,Station C,Station C,111,13.10
265,2995,48,F,2025-05-15 04:44:00,2025-05-15 05:23:00,Station C,Station D,39,5.90
266,8996,34,M,2025-05-21 21:38:00,2025-05-21 22:03:00,Station C,Station A,25,4.50
267,2439,49,F,2025-05-15 04:14:00,2025-05-15 05:45:00,Station B,Station C,91,11.10
268,9500,51,M,2025-05-07 07:08:00,2025-05-07 08:36:00,Station E,Station E,88,10.80
269,7635,24,M,2025-05-23 11:17:00,2025-05-23 12:38:00,Station B,Station A,81,10.10
270,1750,43,F,2025-05-06 16:59:00,2025-05-06 18:55:00,Station D,Station D,116,13.60
271,1265,41,F,2025-05-28 22:35:00,2025-05-29 00:23:00,Station E,Station C,108,12.80
272,9034,48,F,2025-05-27 21:51:00,2025-05-27 23:21:00,Station E,Station C,90,11.00
273,6120,29,M,2025-05-18 15:33:00,2025-05-18 16:36:00,Station C,Station C,63,8.30
274,9855,35,F,2025-05-25 02:02:00,2025-05-25 03:10:00,Station E,Station D,68,8.80
275,7400,50,F,2025-05-12 23:07:00,2025-05-12 23:50:00,Station A,Station C,43,6.30
276,4590,20,F,2025-05-17 22:32:00,2025-05-18 00:08:00,Station C,Station D,96,11.60
277,9221,61,M,2025-05-23 04:47:00,2025-05-23 06:17:00,Station C,Station D,90,11.00
278,7022,37,M,2025-05-01 16:58:00,2025-05-01 18:01:00,Station A,Station B,63,8.30
279,4872,48,M,2025-05-23 02:07:00,2025-05-23 03:53:00,Station A,Station A,106,12.60
280,5063,36,M,2025-05-27 01:30:00,2025-05-27 01:55:00,Station C,Station D,25,4.50
281,7531,58,F,2025-05-17 14:06:00,2025-05-17 15:59:00,Station C,Station A,113,13.30
282,8767,39,F,2025-05-08 21:31:00,2025-05-08 21:40:00,Station E,Station E,9,2.90
283,9010,20,M,2025-05-20 11:44:00,2025-05-20 13:19:00,Station E,Station E,95,11.50
284,3537,31,F,2025-05-08 09:13:00,2025-05-08 10:45:00,Station D,Station A,92,11.20
285,5022,27,M,2025-05-22 01:52:00,2025-05-22 02:21:00,Station E,Station E,29,4.90
286,2060,50,F,2025-05-04 00:01:00,2025-05-04 01:07:00,Station C,Station D,66,8.60
287,9149,60,M,2025-05-14 23:52:00,2025-05-15 00:52:00,Station D,Station B,60,8.00
288,7760,63,M,2025-05-04 12:39:00,2025-05-04 13:35:00,Station B,Station A,56,7.60
289,2318,39,M,2025-05-25 20:24:00,2025-05-25 21:44:00,Station D,Station D,80,10.00
290,7139,22,M,2025-05-19 22:38:00,2025-05-19 23:53:00,Station B,Station A,75,9.50
291,1939,43,F,2025-05-05 15:19:00,2025-05-05 16:56:00,Station E,Station B,97,11.70
292,4666,51,F,2025-05-25 03:15:00,2025-05-25 03:56:00,Station B,Station C,41,6.10
293,7895,54,F,2025-05-19 23:03:00,2025-05-20 00:27:00,Station C,Station D,84,10.40
294,6602,35,F,2025-05-02 14:31:00,2025-05-02 16:14:00,Station A,Station E,103,12.30
295,2304,30,M,2025-05-30 12:22:00,2025-05-30 12:35:00,Station B,Station C,13,3.30
296,6465,48,F,2025-05-26 23:15:00,2025-05-27 01:05:00,Station C,Station D,110,13.00
297,1844,43,M,2025-05-29 01:52:00,2025-05-29 02:33:00,Station B,Station C,41,6.10
298,8431,41,M,2025-05-26 23:25:00,2025-05-27 01:16:00,Station A,Station D,111,13.10
299,3133,51,F,2025-05-19 14:27:00,2025-05-19 15:25:00,Station E,Station C,58,7.80
300,2002,63,M,2025-05-12 22:01:00,2025-05-12 23:28:00,Station C,Station D,87,10.70
301,9684,57,F,2025-05-29 22:53:00,2025-05-30 00:14:00,Station E,Station B,81,10.10
302,6669,40,M,2025-05-13 16:26:00,2025-05-13 18:24:00,Station E,Station D,118,13.80
303,3955,62,F,2025-05-22 18:58:00,2025-05-22 19:13:00,Station B,Station A,15,3.50
304,9821,40,F,2025-05-08 04:27:00,2025-05-08 04:36:00,Station A,Station E,9,2.90
305,7264,40,F,2025-05-21 14:33:00,2025-05-21 16:11:00,Station D,Station B,98,11.80
306,4565,43,F,2025-05-29 20:52:00,2025-05-29 22:14:00,Station D,Station A,82,10.20
307,5227,34,M,2025-05-02 19:00:00,2025-05-02 20:52:00,Station B,Station A,112,13.20
308,8152,20,F,2025-05-14 22:44:00,2025-05-14 23:57:00,Station C,Station C,73,9.30
309,5940,28,M,2025-05-26 20:36:00,2025-05-26 21:09:00,Station A,Station B,33,5.30
310,4810,55,M,2025-05-26 00:23:00,2025-05-26 02:20:00,Station B,Station E,117,13.70
311,9850,49,F,2025-05-04 11:10:00,2025-05-04 12:04:00,Station A,Station A,54,7.40
312,3346,57,M,2025-05-16 11:43:00,2025-05-16 12:07:00,Station E,Station E,24,4.40
313,8779,27,M,2025-05-29 17:09:00,2025-05-29 17:29:00,Station B,Station B,20,4.00
314,7887,41,F,2025-05-19 10:42:00,2025-05-19 11:33:00,Station C,Station D,51,7.10
315,9435,25,M,2025-05-12 17:52:00,2025-05-12 18:36:00,Station C,Station E,44,6.40
316,2617,38,F,2025-05-23 15:23:00,2025-05-23 16:13:00,Station A,Station C,50,7.00
317,6967,50,F,2025-05-30 04:40:00,2025-05-30 06:03:00,Station A,Station A,83,10.30
318,8632,20,M,2025-05-10 19:24:00,2025-05-10 20:25:00,Station A,Station B,61,8.10
319,7477,37,F,2025-05-13 13:29:00,2025-05-13 14:27:00,Station B,Station D,58,7.80
320,2952,54,F,2025-05-18 14:41:00,2025-05-18 14:48:00,Station D,Station C,7,2.70
321,7765,58,M,2025-05-21 18:05:00,2025-05-21 18:48:00,Station E,Station D,43,6.30
322,7195,33,M,2025-05-15 13:28:00,2025-05-15 13:41:00,Station C,Station E,13,3.30
323,2452,52,M,2025-05-19 04:44:00,2025-05-19 04:56:00,Station C,Station A,12,3.20
324,5697,26,F,2025-05-29 18:34:00,2025-05-29 19:26:00,Station A,Station E,52,7.20
325,6334,35,M,2025-05-03 23:30:00,2025-05-04 00:47:00,Station E,Station E,77,9.70
326,4010,57,F,2025-05-06 21:48:00,2025-05-06 22:27:00,Station C,Station B,39,5.90
327,9156,64,F,2025-05-27 15:37:00,2025-05-27 15:53:00,Station D,Station A,16,3.60
328,3914,56,M,2025-05-26 19:50:00,2025-05-26 20:36:00,Station E,Station C,46,6.60
329,2313,21,F,2025-05-04 09:57:00,2025-05-04 11:01:00,Station E,Station C,64,8.40
330,6558,53,M,2025-05-16 05:12:00,2025-05-16 07:03:00,Station B,Station E,111,13.10
331,6128,22,M,2025-05-06 05:06:00,2025-05-06 06:25:00,Station A,Station A,79,9.90
332,1615,40,F,2025-05-07 08:46:00,2025-05-07 08:58:00,Station B,Station E,12,3.20
333,2093,23,M,2025-05-02 20:32:00,2025-05-02 21:10:00,Station A,Station A,38,5.80
334,4962,62,F,2025-05-17 08:57:00,2025-05-17 10:52:00,Station A,Station E,115,13.50
335,4209,22,F,2025-05-24 08:15:00,2025-05-24 09:51:00,Station C,Station A,96,11.60
336,3524,53,F,2025-05-04 19:14:00,2025-05-04 20:12:00,Station B,Station C,58,7.80
337,1683,38,F,2025-05-26 08:58:00,2025-05-26 09:26:00,Station B,Station E,28,4.80
338,2482,55,M,2025-05-17 03:49:00,2025-05-17 04:10:00,Station D,Station C,21,4.10
339,4346,62,M,2025-05-29 20:56:00,2025-05-29 22:02:00,Station C,Station A,66,8.60
340,1102,25,M,2025-05-11 22:45:00,2025-05-12 00:14:00,Station B,Station B,89,10.90
341,6082,44,M,2025-05-08 11:59:00,2025-05-08 12:51:00,Station D,Station D,52,7.20
342,7535,48,F,2025-05-25 16:42:00,2025-05-25 17:56:00,Station D,Station D,74,9.40
343,6168,48,M,2025-05-05 17:43:00,2025-05-05 19:09:00,Station A,Station A,86,10.60
344,2917,26,M,2025-05-03 17:50:00,2025-05-03 18:04:00,Station D,Station A,14,3.40
345,1084,50,M,2025-05-22 13:24:00,2025-05-22 13:41:00,Station C,Station E,17,3.70
346,9345,45,M,2025-05-10 22:48:00,2025-05-10 23:12:00,Station B,Station A,24,4.40
347,9287,37,M,2025-05-16 22:40:00,2025-05-17 00:39:00,Station D,Station E,119,13.90
348,3127,25,M,2025-05-21 05:38:00,2025-05-21 05:51:00,Station D,Station D,13,3.30
349,1582,43,F,2025-05-06 15:14:00,2025-05-06 16:32:00,Station E,Station D,78,9.80
350,8176,45,F,2025-05-21 11:49:00,2025-05-21 12:56:00,Station A,Station D,67,8.70
351,9704,22,F,2025-05-15 06:14:00,2025-05-15 06:48:00,Station D,Station B,34,5.40
352,4955,33,M,2025-05-27 03:32:00,2025-05-27 04:01:00,Station E,Station D,29,4.90
353,4708,54,M,2025-05-13 21:09:00,2025-05-13 21:21:00,Station C,Station A,12,3.20
354,9808,46,M,2025-05-12 14:31:00,2025-05-12 16:17:00,Station C,Station E,106,12.60
355,5151,63,F,2025-05-17 00:19:00,2025-05-17 01:31:00,Station A,Station E,72,9.20
356,1184,20,F,2025-05-01 09:09:00,2025-05-01 10:27:00,Station C,Station E,78,9.80
357,1090,55,M,2025-05-01 21:12:00,2025-05-01 23:07:00,Station D,Station C,115,13.50
358,5263,36,F,2025-05-09 21:08:00,2025-05-09 22:12:00,Station C,Station A,64,8.40
359,1730,55,M,2025-05-18 19:39:00,2025-05-18 21:34:00,Station B,Station B,115,13.50
360,3890,26,F,2025-05-14 05:20:00,2025-05-14 06:17:00,Station C,Station E,57,7.70
361,7278,43,M,2025-05-30 05:12:00,2025-05-30 06:16:00,Station E,Station A,64,8.40
362,6317,18,F,2025-05-05 17:35:00,2025-05-05 18:04:00,Station B,Station C,29,4.90
363,8932,54,F,2025-05-27 15:17:00,2025-05-27 16:08:00,Station D,Station E,51,7.10
364,5289,43,M,2025-05-21 01:57:00,2025-05-21 03:46:00,Station A,Station A,109,12.90
365,4233,30,F,2025-05-27 11:55:00,2025-05-27 12:05:00,Station C,Station E,10,3.00
366,4824,40,F,2025-05-17 07:16:00,2025-05-17 08:29:00,Station B,Station E,73,9.30
367,2887,60,F,2025-05-06 18:24:00,2025-05-06 19:29:00,Station B,Station A,65,8.50
368,5126,36,F,2025-05-02 13:19:00,2025-05-02 13:49:00,Station B,Station C,30,5.00
369,2782,35,M,2025-05-23 05:56:00,2025-05-23 06:59:00,Station A,Station B,63,8.30
370,4986,20,M,2025-05-30 12:42:00,2025-05-30 12:52:00,Station E,Station B,10,3.00
371,3720,51,F,2025-05-19 23:49:00,2025-05-20 01:05:00,Station D,Station C,76,9.60
372,3026,63,F,2025-05-19 11:21:00,2025-05-19 12:38:00,Station E,Station B,77,9.70
373,9147,39,F,2025-05-20 06:52:00,2025-05-20 07:40:00,Station E,Station E,48,6.80
374,8817,28,M,2025-05-27 23:12:00,2025-05-28 00:26:00,Station D,Station A,74,9.40
375,1557,25,F,2025-05-22 03:50:00,2025-05-22 05:02:00,Station D,Station D,72,9.20
376,4452,19,M,2025-05-19 05:22:00,2025-05-19 05:32:00,Station C,Station C,10,3.00
377,5436,58,F,2025-05-14 22:47:00,2025-05-15 00:38:00,Station B,Station C,111,13.10
378,2769,65,M,2025-05-12 19:20:00,2025-05-12 21:16:00,Station E,Station B,116,13.60
379,2426,37,M,2025-05-25 09:47:00,2025-05-25 11:32:00,Station A,Station B,105,12.50
380,9639,35,F,2025-05-08 21:29:00,2025-05-08 22:04:00,Station A,Station A,35,5.50
381,5230,51,M,2025-05-26 23:37:00,2025-05-27 00:53:00,Station E,Station A,76,9.60
382,8512,55,M,2025-05-12 23:04:00,2025-05-13 00:00:00,Station C,Station D,56,7.60
383,6665,28,M,2025-05-12 04:29:00,2025-05-12 04:45:00,Station A,Station E,16,3.60
384,1494,27,M,2025-05-01 16:27:00,2025-05-01 18:11:00,Station A,Station E,104,12.40
385,3248,38,M,2025-05-22 21:16:00,2025-05-22 22:29:00,Station B,Station A,73,9.30
386,7990,57,M,2025-05-17 22:32:00,2025-05-17 22:56:00,Station D,Station B,24,4.40
387,1208,40,F,2025-05-01 11:53:00,2025-05-01 13:25:00,Station A,Station A,92,11.20
388,7564,29,F,2025-05-22 04:17:00,2025-05-22 04:43:00,Station A,Station B,26,4.60
389,3302,61,M,2025-05-24 18:31:00,2025-05-24 19:28:00,Station B,Station A,57,7.70
390,2120,65,M,2025-05-07 15:10:00,2025-05-07 17:08:00,Station D,Station C,118,13.80
391,7301,28,M,2025-05-30 22:02:00,2025-05-30 22:46:00,Station C,Station A,44,6.40
392,8964,18,F,2025-05-23 06:53:00,2025-05-23 07:57:00,Station C,Station A,64,8.40
393,6327,40,M,2025-05-13 19:17:00,2025-05-13 19:35:00,Station D,Station D,18,3.80
394,3953,43,M,2025-05-25 22:38:00,2025-05-25 23:26:00,Station E,Station E,48,6.80
395,8885,63,F,2025-05-22 14:19:00,2025-05-22 16:04:00,Station B,Station C,105,12.50
396,5322,36,F,2025-05-11 23:24:00,2025-05-12 00:16:00,Station A,Station C,52,7.20
397,2381,26,F,2025-05-04 13:45:00,2025-05-04 15:41:00,Station B,Station D,116,13.60
398,1028,19,F,2025-05-24 11:18:00,2025-05-24 11:52:00,Station D,Station A,34,5.40
399,3794,28,F,2025-05-25 02:07:00,2025-05-25 03:00:00,Station C,Station B,53,7.30
400,5444,32,M,2025-05-10 19:43:00,2025-05-10 21:24:00,Station D,Station C,101,12.10
401,7147,42,F,2025-05-15 06:42:00,2025-05-15 08:33:00,Station D,Station C,111,13.10
402,6753,44,M,2025-05-07 18:38:00,2025-05-07 18:52:00,Station E,Station C,14,3.40
403,1867,27,F,2025-05-02 23:35:00,2025-05-02 23:49:00,Station D,Station B,14,3.40
404,8289,34,M,2025-05-17 10:19:00,2025-05-17 10:51:00,Station E,Station A,32,5.20
405,1778,58,F,2025-05-26 15:35:00,2025-05-26 15:40:00,Station E,Station A,5,2.50
406,1563,41,F,2025-05-21 15:32:00,2025-05-21 17:30:00,Station B,Station A,118,13.80
407,5869,23,M,2025-05-16 11:51:00,2025-05-16 13:45:00,Station B,Station A,114,13.40
408,5636,33,F,2025-05-19 11:04:00,2025-05-19 12:14:00,Station E,Station B,70,9.00
409,7901,47,M,2025-05-21 10:49:00,2025-05-21 12:36:00,Station A,Station C,107,12.70
410,4131,32,F,2025-05-04 11:57:00,2025-05-04 12:12:00,Station D,Station C,15,3.50
411,5192,35,F,2025-05-30 14:06:00,2025-05-30 15:32:00,Station C,Station C,86,10.60
412,5900,49,F,2025-05-22 22:22:00,2025-05-22 22:50:00,Station C,Station D,28,4.80
413,6980,21,M,2025-05-19 02:16:00,2025-05-19 02:54:00,Station A,Station C,38,5.80
414,4379,49,F,2025-05-04 18:57:00,2025-05-04 20:14:00,Station B,Station D,77,9.70
415,8909,50,M,2025-05-17 04:40:00,2025-05-17 05:24:00,Station D,Station E,44,6.40
416,6435,64,M,2025-05-02 13:54:00,2025-05-02 14:51:00,Station C,Station C,57,7.70
417,4886,39,M,2025-05-10 11:41:00,2025-05-10 11:56:00,Station B,Station D,15,3.50
418,1049,30,F,2025-05-23 21:26:00,2025-05-23 23:03:00,Station C,Station D,97,11.70
419,3435,59,M,2025-05-02 18:49:00,2025-05-02 19:02:00,Station C,Station A,13,3.30
420,9922,64,M,2025-05-30 00:40:00,2025-05-30 01:38:00,Station E,Station A,58,7.80
421,7631,48,F,2025-05-28 00:10:00,2025-05-28 00:56:00,Station B,Station A,46,6.60
422,5711,43,M,2025-05-21 16:37:00,2025-05-21 17:32:00,Station C,Station D,55,7.50
423,5137,62,F,2025-05-19 13:20:00,2025-05-19 15:15:00,Station D,Station D,115,13.50
424,8405,28,M,2025-05-18 04:42:00,2025-05-18 04:49:00,Station B,Station A,7,2.70
425,4584,41,M,2025-05-26 19:20:00,2025-05-26 20:50:00,Station A,Station D,90,11.00
426,5492,62,F,2025-05-31 00:02:00,2025-05-31 02:01:00,Station D,Station E,119,13.90
427,8766,46,M,2025-05-29 20:30:00,2025-05-29 21:08:00,Station D,Station E,38,5.80
428,1359,47,F,2025-05-01 13:18:00,2025-05-01 14:39:00,Station C,Station C,81,10.10
429,1196,39,M,2025-05-23 08:38:00,2025-05-23 08:56:00,Station D,Station D,18,3.80
430,1082,58,F,2025-05-17 05:00:00,2025-05-17 05:53:00,Station B,Station C,53,7.30
431,6949,52,M,2025-05-22 15:37:00,2025-05-22 16:47:00,Station B,Station A,70,9.00
432,6788,37,M,2025-05-21 13:17:00,2025-05-21 13:49:00,Station B,Station B,32,5.20
433,1440,55,F,2025-05-09 04:01:00,2025-05-09 05:57:00,Station E,Station E,116,13.60
434,5012,45,M,2025-05-13 00:13:00,2025-05-13 00:43:00,Station B,Station C,30,5.00
435,7877,52,F,2025-05-24 04:25:00,2025-05-24 04:44:00,Station C,Station D,19,3.90
436,4663,61,F,2025-05-05 03:35:00,2025-05-05 04:50:00,Station D,Station E,75,9.50
437,4067,33,F,2025-05-20 03:41:00,2025-05-20 05:25:00,Station D,Station C,104,12.40
438,4466,64,F,2025-05-13 14:28:00,2025-05-13 15:27:00,Station C,Station A,59,7.90
439,2437,23,M,2025-05-20 21:10:00,2025-05-20 22:41:00,Station C,Station A,91,11.10
440,6408,63,F,2025-05-12 03:23:00,2025-05-12 05:13:00,Station B,Station A,110,13.00
441,3773,30,M,2025-05-09 05:59:00,2025-05-09 07:54:00,Station D,Station D,115,13.50
442,6979,38,M,2025-05-22 07:34:00,2025-05-22 08:48:00,Station E,Station D,74,9.40
443,5748,61,M,2025-05-16 07:32:00,2025-05-16 08:34:00,Station C,Station D,62,8.20
444,5812,47,F,2025-05-04 23:40:00,2025-05-05 00:51:00,Station D,Station B,71,9.10
445,2228,63,F,2025-05-28 23:57:00,2025-05-29 01:08:00,Station B,Station B,71,9.10
446,5366,53,M,2025-05-22 16:27:00,2025-05-22 16:58:00,Station B,Station E,31,5.10
447,9015,54,M,2025-05-23 16:04:00,2025-05-23 16:35:00,Station B,Station C,31,5.10
448,2649,60,F,2025-05-09 08:07:00,2025-05-09 08:54:00,Station A,Station B,47,6.70
449,2296,20,M,2025-05-14 05:24:00,2025-05-14 06:08:00,Station D,Station E,44,6.40
450,6422,41,M,2025-05-21 13:17:00,2025-05-21 13:41:00,Station B,Station A,24,4.40
451,1379,36,F,2025-05-11 14:24:00,2025-05-11 16:06:00,Station C,Station A,102,12.20
452,3268,43,F,2025-05-31 00:23:00,2025-05-31 00:46:00,Station B,Station A,23,4.30
453,6216,29,M,2025-05-09 20:13:00,2025-05-09 20:33:00,Station B,Station A,20,4.00
454,7097,31,F,2025-05-17 23:48:00,2025-05-18 01:36:00,Station B,Station C,108,12.80
455,2779,23,M,2025-05-17 18:19:00,2025-05-17 20:14:00,Station A,Station D,115,13.50
456,9816,21,M,2025-05-26 06:43:00,2025-05-26 08:01:00,Station A,Station C,78,9.80
457,9773,41,F,2025-05-11 13:32:00,2025-05-11 14:24:00,Station A,Station B,52,7.20
458,3396,38,F,2025-05-28 06:13:00,2025-05-28 07:21:00,Station C,Station B,68,8.80
459,6381,30,M,2025-05-09 18:34:00,2025-05-09 20:05:00,Station A,Station E,91,11.10
460,8956,23,M,2025-05-03 04:39:00,2025-05-03 05:24:00,Station B,Station E,45,6.50
461,9963,33,M,2025-05-12 18:38:00,2025-05-12 20:17:00,Station C,Station D,99,11.90
462,3685,42,F,2025-05-15 11:46:00,2025-05-15 13:42:00,Station D,Station A,116,13.60
463,2573,30,M,2025-05-05 15:22:00,2025-05-05 16:01:00,Station C,Station A,39,5.90
464,9202,48,F,2025-05-19 12:06:00,2025-05-19 12:41:00,Station A,Station D,35,5.50
465,2303,23,F,2025-05-12 11:56:00,2025-05-12 12:49:00,Station D,Station B,53,7.30
466,6669,65,F,2025-05-06 14:27:00,2025-05-06 15:23:00,Station B,Station D,56,7.60
467,9003,41,M,2025-05-25 23:03:00,2025-05-25 23:35:00,Station D,Station B,32,5.20
468,4552,45,F,2025-05-17 06:01:00,2025-05-17 07:15:00,Station B,Station D,74,9.40
469,1515,40,F,2025-05-28 02:49:00,2025-05-28 04:00:00,Station E,Station D,71,9.10
470,1738,64,F,2025-05-22 00:42:00,2025-05-22 00:50:00,Station A,Station B,8,2.80
471,7632,20,M,2025-05-22 01:03:00,2025-05-22 01:39:00,Station E,Station E,36,5.60
472,9941,57,F,2025-05-17 00:56:00,2025-05-17 01:49:00,Station B,Station D,53,7.30
473,8167,34,F,2025-05-03 17:01:00,2025-05-03 17:42:00,Station B,Station A,41,6.10
474,2093,63,M,2025-05-06 14:04:00,2025-05-06 15:43:00,Station E,Station B,99,11.90
475,8323,46,F,2025-05-28 17:29:00,2025-05-28 18:17:00,Station C,Station E,48,6.80
476,8082,57,M,2025-05-25 22:38:00,2025-05-25 23:53:00,Station B,Station B,75,9.50
477,4745,60,M,2025-05-03 20:04:00,2025-05-03 21:23:00,Station D,Station E,79,9.90
478,9485,47,M,2025-05-06 07:31:00,2025-05-06 09:06:00,Station C,Station A,95,11.50
479,5251,65,F,2025-05-23 10:37:00,2025-05-23 11:37:00,Station B,Station E,60,8.00
480,1417,28,M,2025-05-22 11:47:00,2025-05-22 13:27:00,Station A,Station C,100,12.00
481,5516,41,F,2025-05-27 03:43:00,2025-05-27 04:35:00,Station B,Station D,52,7.20
482,5056,38,M,2025-05-17 06:02:00,2025-05-17 06:51:00,Station C,Station A,49,6.90
483,1366,64,M,2025-05-10 09:29:00,2025-05-10 11:24:00,Station D,Station E,115,13.50
484,7503,24,M,2025-05-17 10:51:00,2025-05-17 12:49:00,Station C,Station E,118,13.80
485,1310,65,F,2025-05-05 16:29:00,2025-05-05 17:44:00,Station B,Station B,75,9.50
486,6961,41,F,2025-05-05 05:12:00,2025-05-05 05:44:00,Station D,Station E,32,5.20
487,7534,36,M,2025-05-19 16:21:00,2025-05-19 16:44:00,Station E,Station A,23,4.30
488,1113,40,M,2025-05-12 19:47:00,2025-05-12 20:12:00,Station D,Station D,25,4.50
489,9842,20,F,2025-05-10 04:46:00,2025-05-10 05:01:00,Station C,Station A,15,3.50
490,8644,31,M,2025-05-13 03:50:00,2025-05-13 05:11:00,Station C,Station E,81,10.10
491,1980,59,M,2025-05-26 11:55:00,2025-05-26 12:27:00,Station C,Station D,32,5.20
492,6510,25,M,2025-05-19 22:58:00,2025-05-20 00:52:00,Station B,Station E,114,13.40
493,5949,51,M,2025-05-22 00:13:00,2025-05-22 01:47:00,Station C,Station B,94,11.40
494,3571,46,M,2025-05-27 06:59:00,2025-05-27 08:27:00,Station B,Station D,88,10.80
495,1772,22,M,2025-05-11 15:58:00,2025-05-11 17:33:00,Station B,Station D,95,11.50
496,3953,28,F,2025-05-23 02:45:00,2025-05-23 03:43:00,Station B,Station E,58,7.80
497,3846,21,F,2025-05-08 07:45:00,2025-05-08 07:53:00,Station E,Station A,8,2.80
498,7914,22,M,2025-05-17 15:25:00,2025-05-17 15:49:00,Station E,Station D,24,4.40
499,3344,22,F,2025-05-13 17:50:00,2025-05-13 18:07:00,Station B,Station D,17,3.70
500,2000,30,M,2025-05-18 08:29:00,2025-05-18 08:45:00,Station A,Station A,16,3.60
